Bairro,Grupo de idade,Total,Total.1,Total.2
Batista Campos,Total,"2000,00","2550,00","1700,00"
Batista Campos,10 a 14 anos,"500,00","255,00","510,00"
Batista Campos,15 a 19 anos,"510,00","510,00","510,00"
Batista Campos,15 a 17 anos,"505,00","500,00","510,00"
Batista Campos,18 ou 19 anos,"510,00","510,00","510,00"
Batista Campos,20 a 24 anos,"600,00","800,00","520,00"
Batista Campos,25 a 29 anos,"1200,00","1500,00","1100,00"
Batista Campos,30 a 34 anos,"2000,00","2500,00","1664,50"
Batista Campos,35 a 39 anos,"2000,00","3000,00","2000,00"
Batista Campos,40 a 44 anos,"2500,00","3150,00","2000,00"
Batista Campos,45 a 49 anos,"2600,00","3000,00","2000,00"
Batista Campos,50 a 54 anos,"3000,00","4000,00","3000,00"
Batista Campos,55 a 59 anos,"3200,00","4400,00","3000,00"
Batista Campos,60 a 69 anos,"3000,00","5000,00","2200,00"
Batista Campos,70 anos ou mais,"2000,00","3000,00","1500,00"
Canudos,Total,"700,00","800,00","600,00"
Canudos,10 a 14 anos,"510,00","450,00","510,00"
Canudos,15 a 19 anos,"510,00","510,00","450,00"
Canudos,15 a 17 anos,"300,00","300,00","256,00"
Canudos,18 ou 19 anos,"510,00","510,00","510,00"
Canudos,20 a 24 anos,"510,00","510,00","510,00"
Canudos,25 a 29 anos,"600,00","700,00","565,00"
Canudos,30 a 34 anos,"700,00","800,00","600,00"
Canudos,35 a 39 anos,"800,00","1000,00","650,00"
Canudos,40 a 44 anos,"800,00","1000,00","700,00"
Canudos,45 a 49 anos,"900,00","1000,00","800,00"
Canudos,50 a 54 anos,"1000,00","1000,00","800,00"
Canudos,55 a 59 anos,"1000,00","1200,00","883,50"
Canudos,60 a 69 anos,"800,00","1020,00","555,00"
Canudos,70 anos ou mais,"510,00","800,00","510,00"
Cidade Velha,Total,"1000,00","1200,00","1000,00"
Cidade Velha,10 a 14 anos,"510,00","510,00","510,00"
Cidade Velha,15 a 19 anos,"510,00","510,00","510,00"
Cidade Velha,15 a 17 anos,"480,00","510,00","300,00"
Cidade Velha,18 ou 19 anos,"510,00","510,00","510,00"
Cidade Velha,20 a 24 anos,"510,00","570,00","510,00"
Cidade Velha,25 a 29 anos,"800,00","1000,00","646,00"
Cidade Velha,30 a 34 anos,"1000,00","1020,00","1000,00"
Cidade Velha,35 a 39 anos,"1100,00","1200,00","1000,00"
Cidade Velha,40 a 44 anos,"1271,50","1500,00","1020,00"
Cidade Velha,45 a 49 anos,"1500,00","1500,00","1100,00"
Cidade Velha,50 a 54 anos,"1500,00","2000,00","1200,00"
Cidade Velha,55 a 59 anos,"1640,00","2000,00","1500,00"
Cidade Velha,60 a 69 anos,"1200,00","1500,00","1020,00"
Cidade Velha,70 anos ou mais,"1000,00","1300,00","700,00"
Condor,Total,"510,00","560,00","510,00"
Condor,10 a 14 anos,"100,00","100,00","109,00"
Condor,15 a 19 anos,"400,00","420,00","400,00"
Condor,15 a 17 anos,"255,00","300,00","250,00"
Condor,18 ou 19 anos,"510,00","510,00","510,00"
Condor,20 a 24 anos,"510,00","510,00","510,00"
Condor,25 a 29 anos,"510,00","510,00","510,00"
Condor,30 a 34 anos,"510,00","600,00","510,00"
Condor,35 a 39 anos,"510,00","600,00","510,00"
Condor,40 a 44 anos,"600,00","700,00","510,00"
Condor,45 a 49 anos,"600,00","800,00","510,00"
Condor,50 a 54 anos,"600,00","750,00","510,00"
Condor,55 a 59 anos,"600,00","760,00","510,00"
Condor,60 a 69 anos,"510,00","600,00","510,00"
Condor,70 anos ou mais,"510,00","510,00","510,00"
Cremação,Total,"800,00","900,00","650,00"
Cremação,10 a 14 anos,"130,00","212,00","120,00"
Cremação,15 a 19 anos,"510,00","510,00","500,00"
Cremação,15 a 17 anos,"400,00","500,00","300,00"
Cremação,18 ou 19 anos,"510,00","510,00","510,00"
Cremação,20 a 24 anos,"510,00","510,00","510,00"
Cremação,25 a 29 anos,"667,00","700,00","600,00"
Cremação,30 a 34 anos,"760,00","800,00","700,00"
Cremação,35 a 39 anos,"800,00","1000,00","630,00"
Cremação,40 a 44 anos,"800,00","1000,00","700,00"
Cremação,45 a 49 anos,"1000,00","1021,00","805,00"
Cremação,50 a 54 anos,"1053,00","1300,00","1000,00"
Cremação,55 a 59 anos,"1200,00","1500,00","1020,00"
Cremação,60 a 69 anos,"1020,00","1200,00","900,00"
Cremação,70 anos ou mais,"510,00","800,00","510,00"
Guamá,Total,"510,00","600,00","510,00"
Guamá,10 a 14 anos,"95,00","100,00","90,00"
Guamá,15 a 19 anos,"400,00","400,00","300,00"
Guamá,15 a 17 anos,"255,00","280,00","230,00"
Guamá,18 ou 19 anos,"510,00","510,00","467,50"
Guamá,20 a 24 anos,"510,00","510,00","510,00"
Guamá,25 a 29 anos,"510,00","510,00","510,00"
Guamá,30 a 34 anos,"510,00","600,00","510,00"
Guamá,35 a 39 anos,"560,00","678,00","510,00"
Guamá,40 a 44 anos,"600,00","700,00","510,00"
Guamá,45 a 49 anos,"600,00","750,00","510,00"
Guamá,50 a 54 anos,"600,00","735,00","510,00"
Guamá,55 a 59 anos,"600,00","750,00","510,00"
Guamá,60 a 69 anos,"510,00","600,00","510,00"
Guamá,70 anos ou mais,"510,00","510,00","510,00"
Jurunas,Total,"510,00","600,00","510,00"
Jurunas,10 a 14 anos,"100,00","110,00","90,00"
Jurunas,15 a 19 anos,"400,00","500,00","382,00"
Jurunas,15 a 17 anos,"260,00","300,00","255,00"
Jurunas,18 ou 19 anos,"510,00","510,00","510,00"
Jurunas,20 a 24 anos,"510,00","510,00","510,00"
Jurunas,25 a 29 anos,"510,00","510,00","510,00"
Jurunas,30 a 34 anos,"510,00","600,00","510,00"
Jurunas,35 a 39 anos,"510,00","620,00","510,00"
Jurunas,40 a 44 anos,"600,00","700,00","510,00"
Jurunas,45 a 49 anos,"665,00","800,00","510,00"
Jurunas,50 a 54 anos,"600,00","800,00","510,00"
Jurunas,55 a 59 anos,"700,00","800,00","510,00"
Jurunas,60 a 69 anos,"510,00","600,00","510,00"
Jurunas,70 anos ou mais,"510,00","510,00","510,00"
Marambaia,Total,"710,00","810,00","600,00"
Marambaia,10 a 14 anos,"100,00","112,00","90,00"
Marambaia,15 a 19 anos,"400,00","500,00","350,00"
Marambaia,15 a 17 anos,"250,00","300,00","200,00"
Marambaia,18 ou 19 anos,"510,00","510,00","500,00"
Marambaia,20 a 24 anos,"510,00","510,00","510,00"
Marambaia,25 a 29 anos,"650,00","700,00","600,00"
Marambaia,30 a 34 anos,"750,00","800,00","600,00"
Marambaia,35 a 39 anos,"800,00","950,00","620,00"
Marambaia,40 a 44 anos,"800,00","1000,00","700,00"
Marambaia,45 a 49 anos,"1000,00","1020,00","750,00"
Marambaia,50 a 54 anos,"1000,00","1132,50","800,00"
Marambaia,55 a 59 anos,"1060,00","1400,00","1000,00"
Marambaia,60 a 69 anos,"1000,00","1200,00","600,00"
Marambaia,70 anos ou mais,"510,00","800,00","510,00"
Marco,Total,"1000,00","1200,00","900,00"
Marco,10 a 14 anos,"125,00","122,50","125,00"
Marco,15 a 19 anos,"510,00","510,00","510,00"
Marco,15 a 17 anos,"355,00","300,00","400,00"
Marco,18 ou 19 anos,"510,00","510,00","510,00"
Marco,20 a 24 anos,"510,00","598,50","510,00"
Marco,25 a 29 anos,"800,00","900,00","800,00"
Marco,30 a 34 anos,"1000,00","1020,00","890,00"
Marco,35 a 39 anos,"1020,00","1200,00","1000,00"
Marco,40 a 44 anos,"1200,00","1500,00","1000,00"
Marco,45 a 49 anos,"1500,00","1500,00","1200,00"
Marco,50 a 54 anos,"1500,00","2000,00","1200,00"
Marco,55 a 59 anos,"1790,00","2000,00","1500,00"
Marco,60 a 69 anos,"1450,00","1900,00","1020,00"
Marco,70 anos ou mais,"1000,00","1487,50","600,00"
Fátima,Total,"600,00","700,00","510,00"
Fátima,10 a 14 anos,"100,00","175,00","100,00"
Fátima,15 a 19 anos,"510,00","510,00","510,00"
Fátima,15 a 17 anos,"510,00","510,00","510,00"
Fátima,18 ou 19 anos,"510,00","510,00","510,00"
Fátima,20 a 24 anos,"510,00","510,00","510,00"
Fátima,25 a 29 anos,"600,00","650,00","510,00"
Fátima,30 a 34 anos,"600,00","700,00","550,00"
Fátima,35 a 39 anos,"600,00","700,00","510,00"
Fátima,40 a 44 anos,"740,00","800,00","600,00"
Fátima,45 a 49 anos,"700,00","800,00","600,00"
Fátima,50 a 54 anos,"800,00","800,00","650,00"
Fátima,55 a 59 anos,"750,00","900,00","600,00"
Fátima,60 a 69 anos,"650,00","800,00","510,00"
Fátima,70 anos ou mais,"510,00","510,00","510,00"
Nazaré,Total,"2800,00","3800,00","2000,00"
Nazaré,10 a 14 anos,"555,00","870,00","510,00"
Nazaré,15 a 19 anos,"510,00","510,00","510,00"
Nazaré,15 a 17 anos,"700,00","650,00","750,00"
Nazaré,18 ou 19 anos,"510,00","510,00","510,00"
Nazaré,20 a 24 anos,"1000,00","1000,00","900,00"
Nazaré,25 a 29 anos,"2000,00","2000,00","1560,00"
Nazaré,30 a 34 anos,"2300,00","3000,00","2000,00"
Nazaré,35 a 39 anos,"3000,00","4000,00","2200,00"
Nazaré,40 a 44 anos,"3000,00","4000,00","2500,00"
Nazaré,45 a 49 anos,"4000,00","5000,00","3000,00"
Nazaré,50 a 54 anos,"4000,00","5000,00","3000,00"
Nazaré,55 a 59 anos,"4000,00","5000,00","3000,00"
Nazaré,60 a 69 anos,"4000,00","5000,00","3000,00"
Nazaré,70 anos ou mais,"3000,00","4900,00","2381,00"
Pedreira,Total,"750,00","900,00","600,00"
Pedreira,10 a 14 anos,"200,00","300,00","134,00"
Pedreira,15 a 19 anos,"510,00","510,00","500,00"
Pedreira,15 a 17 anos,"300,00","307,50","300,00"
Pedreira,18 ou 19 anos,"510,00","510,00","510,00"
Pedreira,20 a 24 anos,"510,00","510,00","510,00"
Pedreira,25 a 29 anos,"700,00","737,50","600,00"
Pedreira,30 a 34 anos,"800,00","900,00","700,00"
Pedreira,35 a 39 anos,"800,00","900,00","700,00"
Pedreira,40 a 44 anos,"980,00","1000,00","771,50"
Pedreira,45 a 49 anos,"1000,00","1100,00","800,00"
Pedreira,50 a 54 anos,"1020,00","1200,00","955,00"
Pedreira,55 a 59 anos,"1020,00","1350,00","900,00"
Pedreira,60 a 69 anos,"800,00","1020,00","600,00"
Pedreira,70 anos ou mais,"510,00","700,00","510,00"
Reduto,Total,"2300,00","3000,00","2000,00"
Reduto,10 a 14 anos,"700,00","510,00","700,00"
Reduto,15 a 19 anos,"600,00","850,00","510,00"
Reduto,15 a 17 anos,"800,00","1050,00","510,00"
Reduto,18 ou 19 anos,"575,00","800,00","510,00"
Reduto,20 a 24 anos,"800,00","800,00","750,00"
Reduto,25 a 29 anos,"1500,00","1800,00","1500,00"
Reduto,30 a 34 anos,"2000,00","2500,00","1950,00"
Reduto,35 a 39 anos,"2500,00","3000,00","2000,00"
Reduto,40 a 44 anos,"2775,00","3500,00","2300,00"
Reduto,45 a 49 anos,"3000,00","4000,00","2700,00"
Reduto,50 a 54 anos,"3500,00","5000,00","2700,00"
Reduto,55 a 59 anos,"4000,00","5000,00","3075,00"
Reduto,60 a 69 anos,"3150,00","5000,00","2875,00"
Reduto,70 anos ou mais,"2000,00","3000,00","1360,00"
Sacramenta,Total,"510,00","600,00","510,00"
Sacramenta,10 a 14 anos,"112,00","112,00","112,00"
Sacramenta,15 a 19 anos,"400,00","510,00","300,00"
Sacramenta,15 a 17 anos,"250,00","252,50","230,00"
Sacramenta,18 ou 19 anos,"510,00","510,00","435,00"
Sacramenta,20 a 24 anos,"510,00","510,00","510,00"
Sacramenta,25 a 29 anos,"510,00","595,00","510,00"
Sacramenta,30 a 34 anos,"520,00","665,00","510,00"
Sacramenta,35 a 39 anos,"600,00","705,00","510,00"
Sacramenta,40 a 44 anos,"600,00","800,00","510,00"
Sacramenta,45 a 49 anos,"600,00","800,00","510,00"
Sacramenta,50 a 54 anos,"610,00","800,00","510,00"
Sacramenta,55 a 59 anos,"700,00","815,00","510,00"
Sacramenta,60 a 69 anos,"510,00","750,00","510,00"
Sacramenta,70 anos ou mais,"510,00","510,00","510,00"
São Brás,Total,"1500,00","2000,00","1268,00"
São Brás,10 a 14 anos,"450,00","505,00","325,00"
São Brás,15 a 19 anos,"510,00","535,00","510,00"
São Brás,15 a 17 anos,"510,00","505,00","510,00"
São Brás,18 ou 19 anos,"510,00","600,00","510,00"
São Brás,20 a 24 anos,"600,00","700,00","600,00"
São Brás,25 a 29 anos,"1020,00","1200,00","1000,00"
São Brás,30 a 34 anos,"1500,00","1600,00","1200,00"
São Brás,35 a 39 anos,"1500,00","1750,00","1300,00"
São Brás,40 a 44 anos,"1800,00","2000,00","1500,00"
São Brás,45 a 49 anos,"2000,00","2500,00","1800,00"
São Brás,50 a 54 anos,"2000,00","2800,00","1743,50"
São Brás,55 a 59 anos,"2500,00","2800,00","2100,00"
São Brás,60 a 69 anos,"2279,00","3000,00","1900,00"
São Brás,70 anos ou mais,"1500,00","2045,00","1100,00"
Souza,Total,"1200,00","1500,00","1000,00"
Souza,10 a 14 anos,"200,00","250,00","200,00"
Souza,15 a 19 anos,"510,00","510,00","455,00"
Souza,15 a 17 anos,"300,00","510,00","255,00"
Souza,18 ou 19 anos,"510,00","510,00","510,00"
Souza,20 a 24 anos,"600,00","750,00","510,00"
Souza,25 a 29 anos,"1000,00","1020,00","1000,00"
Souza,30 a 34 anos,"1200,00","1500,00","1000,00"
Souza,35 a 39 anos,"1530,00","2005,00","1200,00"
Souza,40 a 44 anos,"1998,00","2500,00","1200,00"
Souza,45 a 49 anos,"1800,00","2500,00","1200,00"
Souza,50 a 54 anos,"1500,00","2000,00","1200,00"
Souza,55 a 59 anos,"1600,00","2000,00","1500,00"
Souza,60 a 69 anos,"1200,00","1800,00","1020,00"
Souza,70 anos ou mais,"900,00","1200,00","700,00"
Telégrafo,Total,"510,00","650,00","510,00"
Telégrafo,10 a 14 anos,"112,00","112,00","110,50"
Telégrafo,15 a 19 anos,"400,00","500,00","350,00"
Telégrafo,15 a 17 anos,"260,00","260,00","255,00"
Telégrafo,18 ou 19 anos,"510,00","510,00","510,00"
Telégrafo,20 a 24 anos,"510,00","510,00","510,00"
Telégrafo,25 a 29 anos,"510,00","540,00","510,00"
Telégrafo,30 a 34 anos,"560,00","657,00","510,00"
Telégrafo,35 a 39 anos,"600,00","700,00","510,00"
Telégrafo,40 a 44 anos,"650,00","780,00","510,00"
Telégrafo,45 a 49 anos,"700,00","800,00","510,00"
Telégrafo,50 a 54 anos,"700,00","800,00","540,00"
Telégrafo,55 a 59 anos,"780,00","1000,00","600,00"
Telégrafo,60 a 69 anos,"510,00","800,00","510,00"
Telégrafo,70 anos ou mais,"510,00","510,00","510,00"
Montese (Terra Firme),Total,"510,00","510,00","510,00"
Montese (Terra Firme),10 a 14 anos,"90,00","90,00","80,00"
Montese (Terra Firme),15 a 19 anos,"300,00","400,00","255,00"
Montese (Terra Firme),15 a 17 anos,"200,00","240,00","150,00"
Montese (Terra Firme),18 ou 19 anos,"500,00","510,00","400,00"
Montese (Terra Firme),20 a 24 anos,"510,00","510,00","510,00"
Montese (Terra Firme),25 a 29 anos,"510,00","510,00","510,00"
Montese (Terra Firme),30 a 34 anos,"510,00","510,00","510,00"
Montese (Terra Firme),35 a 39 anos,"510,00","600,00","510,00"
Montese (Terra Firme),40 a 44 anos,"510,00","600,00","510,00"
Montese (Terra Firme),45 a 49 anos,"510,00","700,00","510,00"
Montese (Terra Firme),50 a 54 anos,"510,00","690,00","510,00"
Montese (Terra Firme),55 a 59 anos,"510,00","600,00","510,00"
Montese (Terra Firme),60 a 69 anos,"510,00","510,00","510,00"
Montese (Terra Firme),70 anos ou mais,"510,00","510,00","510,00"
Campina,Total,"1530,00","2000,00","1500,00"
Campina,10 a 14 anos,"510,00","150,00","615,00"
Campina,15 a 19 anos,"510,00","555,00","510,00"
Campina,15 a 17 anos,"510,00","510,00","600,00"
Campina,18 ou 19 anos,"510,00","850,00","510,00"
Campina,20 a 24 anos,"800,00","900,00","760,00"
Campina,25 a 29 anos,"1200,00","1200,00","1100,00"
Campina,30 a 34 anos,"1200,00","1500,00","1021,00"
Campina,35 a 39 anos,"1500,00","1500,00","1300,00"
Campina,40 a 44 anos,"2000,00","2650,00","2000,00"
Campina,45 a 49 anos,"2000,00","2000,00","2000,00"
Campina,50 a 54 anos,"2500,00","3000,00","2000,00"
Campina,55 a 59 anos,"2500,00","3000,00","2000,00"
Campina,60 a 69 anos,"2000,00","2200,00","1680,00"
Campina,70 anos ou mais,"2000,00","2400,00","1600,00"
Umarizal,Total,"1500,00","1700,00","1200,00"
Umarizal,10 a 14 anos,"510,00","510,00","510,00"
Umarizal,15 a 19 anos,"510,00","510,00","510,00"
Umarizal,15 a 17 anos,"360,00","330,00","400,00"
Umarizal,18 ou 19 anos,"510,00","510,00","510,00"
Umarizal,20 a 24 anos,"600,00","660,00","510,00"
Umarizal,25 a 29 anos,"1000,00","1200,00","1000,00"
Umarizal,30 a 34 anos,"1300,00","1500,00","1100,00"
Umarizal,35 a 39 anos,"1500,00","1500,00","1200,00"
Umarizal,40 a 44 anos,"1530,00","2000,00","1500,00"
Umarizal,45 a 49 anos,"2000,00","2000,00","1650,00"
Umarizal,50 a 54 anos,"2000,00","2550,00","2000,00"
Umarizal,55 a 59 anos,"2500,00","3000,00","2000,00"
Umarizal,60 a 69 anos,"2000,00","2750,00","1500,00"
Umarizal,70 anos ou mais,"1200,00","2000,00","1000,00"
Barreiro,Total,"510,00","510,00","510,00"
Barreiro,10 a 14 anos,"101,00","112,00","100,00"
Barreiro,15 a 19 anos,"400,00","510,00","220,00"
Barreiro,15 a 17 anos,"200,00","252,50","180,00"
Barreiro,18 ou 19 anos,"510,00","510,00","300,00"
Barreiro,20 a 24 anos,"510,00","510,00","510,00"
Barreiro,25 a 29 anos,"510,00","510,00","510,00"
Barreiro,30 a 34 anos,"510,00","510,00","510,00"
Barreiro,35 a 39 anos,"510,00","510,00","510,00"
Barreiro,40 a 44 anos,"510,00","510,00","510,00"
Barreiro,45 a 49 anos,"510,00","510,00","510,00"
Barreiro,50 a 54 anos,"510,00","600,00","510,00"
Barreiro,55 a 59 anos,"510,00","550,00","510,00"
Barreiro,60 a 69 anos,"510,00","510,00","510,00"
Barreiro,70 anos ou mais,"510,00","510,00","510,00"
Maracangalha,Total,"510,00","700,00","510,00"
Maracangalha,10 a 14 anos,"80,00","66,00","80,00"
Maracangalha,15 a 19 anos,"400,00","500,00","300,00"
Maracangalha,15 a 17 anos,"250,00","255,00","200,00"
Maracangalha,18 ou 19 anos,"510,00","510,00","510,00"
Maracangalha,20 a 24 anos,"510,00","510,00","510,00"
Maracangalha,25 a 29 anos,"510,00","600,00","510,00"
Maracangalha,30 a 34 anos,"600,00","700,00","510,00"
Maracangalha,35 a 39 anos,"650,00","800,00","510,00"
Maracangalha,40 a 44 anos,"634,00","800,00","510,00"
Maracangalha,45 a 49 anos,"700,00","900,00","510,00"
Maracangalha,50 a 54 anos,"700,00","1000,00","510,00"
Maracangalha,55 a 59 anos,"700,00","1000,00","510,00"
Maracangalha,60 a 69 anos,"510,00","750,00","510,00"
Maracangalha,70 anos ou mais,"510,00","510,00","510,00"
Miramar,Total,"600,00","700,00","510,00"
Miramar,10 a 14 anos,"120,00","120,00","89,00"
Miramar,15 a 19 anos,"277,50","300,00","255,00"
Miramar,15 a 17 anos,"150,00","58,00","318,00"
Miramar,18 ou 19 anos,"300,00","582,50","255,00"
Miramar,20 a 24 anos,"510,00","510,00","510,00"
Miramar,25 a 29 anos,"585,00","510,00","750,00"
Miramar,30 a 34 anos,"770,00","1010,00","600,00"
Miramar,35 a 39 anos,"600,00","755,00","510,00"
Miramar,40 a 44 anos,"510,00","855,00","505,00"
Miramar,45 a 49 anos,"700,00","775,00","510,00"
Miramar,50 a 54 anos,"650,00","750,00","550,00"
Miramar,55 a 59 anos,"1350,00","1800,00","700,00"
Miramar,60 a 69 anos,"510,00","510,00","510,00"
Miramar,70 anos ou mais,"510,00","510,00","510,00"
Curió-Utinga,Total,"600,00","730,00","510,00"
Curió-Utinga,10 a 14 anos,"150,00","140,00","200,00"
Curió-Utinga,15 a 19 anos,"500,00","510,00","359,50"
Curió-Utinga,15 a 17 anos,"300,00","400,00","250,00"
Curió-Utinga,18 ou 19 anos,"510,00","510,00","505,00"
Curió-Utinga,20 a 24 anos,"510,00","510,00","510,00"
Curió-Utinga,25 a 29 anos,"560,00","600,00","510,00"
Curió-Utinga,30 a 34 anos,"600,00","700,00","510,00"
Curió-Utinga,35 a 39 anos,"600,00","800,00","510,00"
Curió-Utinga,40 a 44 anos,"700,00","800,00","510,00"
Curió-Utinga,45 a 49 anos,"800,00","1000,00","600,00"
Curió-Utinga,50 a 54 anos,"800,00","1020,00","600,00"
Curió-Utinga,55 a 59 anos,"900,00","1000,00","700,00"
Curió-Utinga,60 a 69 anos,"840,00","1200,00","549,00"
Curió-Utinga,70 anos ou mais,"512,50","777,50","510,00"
Val-de-Cães,Total,"1500,00","2000,00","1000,00"
Val-de-Cães,10 a 14 anos,"120,00","250,00","112,00"
Val-de-Cães,15 a 19 anos,"500,00","500,00","500,00"
Val-de-Cães,15 a 17 anos,"250,00","250,00","200,00"
Val-de-Cães,18 ou 19 anos,"510,00","510,00","510,00"
Val-de-Cães,20 a 24 anos,"537,00","600,00","510,00"
Val-de-Cães,25 a 29 anos,"1000,00","1200,00","720,00"
Val-de-Cães,30 a 34 anos,"1000,00","2000,00","800,00"
Val-de-Cães,35 a 39 anos,"1800,00","2000,00","1000,00"
Val-de-Cães,40 a 44 anos,"2000,00","2500,00","1200,00"
Val-de-Cães,45 a 49 anos,"2000,00","2500,00","1062,50"
Val-de-Cães,50 a 54 anos,"2400,00","3300,00","1990,00"
Val-de-Cães,55 a 59 anos,"2000,00","3000,00","1500,00"
Val-de-Cães,60 a 69 anos,"2350,00","4000,00","1500,00"
Val-de-Cães,70 anos ou mais,"2000,00","3000,00","1500,00"
Mangueirão,Total,"700,00","800,00","515,00"
Mangueirão,10 a 14 anos,"120,00","134,00","112,00"
Mangueirão,15 a 19 anos,"400,00","500,00","300,00"
Mangueirão,15 a 17 anos,"230,00","280,00","200,00"
Mangueirão,18 ou 19 anos,"510,00","510,00","450,00"
Mangueirão,20 a 24 anos,"510,00","510,00","510,00"
Mangueirão,25 a 29 anos,"600,00","700,00","530,00"
Mangueirão,30 a 34 anos,"700,00","800,00","600,00"
Mangueirão,35 a 39 anos,"800,00","1000,00","650,00"
Mangueirão,40 a 44 anos,"800,00","990,00","600,00"
Mangueirão,45 a 49 anos,"850,00","1000,00","650,00"
Mangueirão,50 a 54 anos,"1000,00","1200,00","735,00"
Mangueirão,55 a 59 anos,"1000,00","1200,00","900,00"
Mangueirão,60 a 69 anos,"765,00","1000,00","510,00"
Mangueirão,70 anos ou mais,"510,00","600,00","510,00"
Universitário,Total,"510,00","510,00","510,00"
Universitário,10 a 14 anos,"510,00",-,"510,00"
Universitário,15 a 19 anos,"300,00","300,00","327,50"
Universitário,15 a 17 anos,"300,00","300,00",-
Universitário,18 ou 19 anos,"292,50","267,50","327,50"
Universitário,20 a 24 anos,"510,00","510,00","510,00"
Universitário,25 a 29 anos,"510,00","510,00","510,00"
Universitário,30 a 34 anos,"510,00","510,00","510,00"
Universitário,35 a 39 anos,"510,00","510,00","510,00"
Universitário,40 a 44 anos,"510,00","510,00","510,00"
Universitário,45 a 49 anos,"510,00","510,00","510,00"
Universitário,50 a 54 anos,"510,00","555,00","510,00"
Universitário,55 a 59 anos,"510,00","510,00","510,00"
Universitário,60 a 69 anos,"510,00","510,00","510,00"
Universitário,70 anos ou mais,"510,00","510,00","510,00"
Castanheira,Total,"700,00","800,00","560,00"
Castanheira,10 a 14 anos,"141,00","160,00","130,00"
Castanheira,15 a 19 anos,"505,00","510,00","380,00"
Castanheira,15 a 17 anos,"268,00","300,00","250,00"
Castanheira,18 ou 19 anos,"510,00","510,00","510,00"
Castanheira,20 a 24 anos,"510,00","510,00","510,00"
Castanheira,25 a 29 anos,"600,00","700,00","512,00"
Castanheira,30 a 34 anos,"700,00","800,00","600,00"
Castanheira,35 a 39 anos,"750,00","900,00","600,00"
Castanheira,40 a 44 anos,"800,00","1000,00","700,00"
Castanheira,45 a 49 anos,"1000,00","1000,00","780,00"
Castanheira,50 a 54 anos,"1000,00","1000,00","800,00"
Castanheira,55 a 59 anos,"985,00","1010,00","710,00"
Castanheira,60 a 69 anos,"800,00","1010,00","530,00"
Castanheira,70 anos ou mais,"510,00","700,00","510,00"
Guanabara,Total,"510,00","575,00","510,00"
Guanabara,10 a 14 anos,"67,50","66,00","69,00"
Guanabara,15 a 19 anos,"275,00","250,00","300,00"
Guanabara,15 a 17 anos,"300,00","400,00","300,00"
Guanabara,18 ou 19 anos,"250,00","225,00","250,00"
Guanabara,20 a 24 anos,"510,00","510,00","510,00"
Guanabara,25 a 29 anos,"510,00","510,00","510,00"
Guanabara,30 a 34 anos,"510,00","603,00","510,00"
Guanabara,35 a 39 anos,"600,00","750,00","510,00"
Guanabara,40 a 44 anos,"535,00","750,00","510,00"
Guanabara,45 a 49 anos,"800,00","800,00","510,00"
Guanabara,50 a 54 anos,"510,00","555,00","510,00"
Guanabara,55 a 59 anos,"510,00","800,00","510,00"
Guanabara,60 a 69 anos,"510,00","510,00","510,00"
Guanabara,70 anos ou mais,"510,00","510,00","510,00"
Águas Lindas,Total,"510,00","510,00","510,00"
Águas Lindas,10 a 14 anos,"90,00","112,00","65,00"
Águas Lindas,15 a 19 anos,"350,00","500,00","204,00"
Águas Lindas,15 a 17 anos,"200,00","200,00","150,00"
Águas Lindas,18 ou 19 anos,"500,00","510,00","350,00"
Águas Lindas,20 a 24 anos,"510,00","510,00","510,00"
Águas Lindas,25 a 29 anos,"510,00","510,00","510,00"
Águas Lindas,30 a 34 anos,"510,00","510,00","510,00"
Águas Lindas,35 a 39 anos,"510,00","600,00","510,00"
Águas Lindas,40 a 44 anos,"510,00","600,00","510,00"
Águas Lindas,45 a 49 anos,"510,00","600,00","510,00"
Águas Lindas,50 a 54 anos,"510,00","510,00","510,00"
Águas Lindas,55 a 59 anos,"510,00","510,00","510,00"
Águas Lindas,60 a 69 anos,"510,00","510,00","510,00"
Águas Lindas,70 anos ou mais,"510,00","510,00","510,00"
Aurá,Total,"510,00","510,00","510,00"
Aurá,10 a 14 anos,"90,00","90,00","70,00"
Aurá,15 a 19 anos,"335,00","400,00","255,00"
Aurá,15 a 17 anos,"255,00","300,00","227,50"
Aurá,18 ou 19 anos,"400,00","450,00","255,00"
Aurá,20 a 24 anos,"510,00","510,00","400,00"
Aurá,25 a 29 anos,"510,00","510,00","500,00"
Aurá,30 a 34 anos,"510,00","510,00","500,00"
Aurá,35 a 39 anos,"510,00","510,00","510,00"
Aurá,40 a 44 anos,"510,00","510,00","510,00"
Aurá,45 a 49 anos,"510,00","600,00","510,00"
Aurá,50 a 54 anos,"510,00","510,00","510,00"
Aurá,55 a 59 anos,"510,00","510,00","510,00"
Aurá,60 a 69 anos,"510,00","520,00","510,00"
Aurá,70 anos ou mais,"510,00","510,00","510,00"
Bengui,Total,"510,00","515,00","510,00"
Bengui,10 a 14 anos,"90,00","90,00","70,00"
Bengui,15 a 19 anos,"350,00","440,00","255,50"
Bengui,15 a 17 anos,"250,00","267,50","200,00"
Bengui,18 ou 19 anos,"510,00","510,00","300,00"
Bengui,20 a 24 anos,"510,00","510,00","510,00"
Bengui,25 a 29 anos,"510,00","510,00","510,00"
Bengui,30 a 34 anos,"510,00","600,00","510,00"
Bengui,35 a 39 anos,"510,00","600,00","510,00"
Bengui,40 a 44 anos,"510,00","615,00","510,00"
Bengui,45 a 49 anos,"580,00","700,00","510,00"
Bengui,50 a 54 anos,"510,00","720,00","510,00"
Bengui,55 a 59 anos,"510,00","700,00","510,00"
Bengui,60 a 69 anos,"510,00","510,00","510,00"
Bengui,70 anos ou mais,"510,00","510,00","510,00"
Cabanagem,Total,"510,00","510,00","510,00"
Cabanagem,10 a 14 anos,"116,00","112,00","200,00"
Cabanagem,15 a 19 anos,"500,00","510,00","300,00"
Cabanagem,15 a 17 anos,"260,00","300,00","200,00"
Cabanagem,18 ou 19 anos,"510,00","510,00","400,00"
Cabanagem,20 a 24 anos,"510,00","510,00","510,00"
Cabanagem,25 a 29 anos,"510,00","510,00","510,00"
Cabanagem,30 a 34 anos,"510,00","510,00","510,00"
Cabanagem,35 a 39 anos,"510,00","600,00","510,00"
Cabanagem,40 a 44 anos,"510,00","600,00","510,00"
Cabanagem,45 a 49 anos,"510,00","600,00","510,00"
Cabanagem,50 a 54 anos,"510,00","600,00","510,00"
Cabanagem,55 a 59 anos,"510,00","600,00","510,00"
Cabanagem,60 a 69 anos,"510,00","510,00","510,00"
Cabanagem,70 anos ou mais,"510,00","510,00","510,00"
Coqueiro,Total,"750,00","800,00","600,00"
Coqueiro,10 a 14 anos,"200,00","200,00","150,00"
Coqueiro,15 a 19 anos,"510,00","510,00","410,00"
Coqueiro,15 a 17 anos,"317,50","400,00","252,50"
Coqueiro,18 ou 19 anos,"510,00","510,00","510,00"
Coqueiro,20 a 24 anos,"510,00","510,00","510,00"
Coqueiro,25 a 29 anos,"600,00","725,00","520,00"
Coqueiro,30 a 34 anos,"720,00","800,00","600,00"
Coqueiro,35 a 39 anos,"800,00","1000,00","600,00"
Coqueiro,40 a 44 anos,"900,00","1000,00","704,00"
Coqueiro,45 a 49 anos,"1000,00","1100,00","800,00"
Coqueiro,50 a 54 anos,"1000,00","1100,00","800,00"
Coqueiro,55 a 59 anos,"1020,00","1200,00","893,00"
Coqueiro,60 a 69 anos,"1000,00","1200,00","700,00"
Coqueiro,70 anos ou mais,"510,00","625,00","510,00"
Parque Verde,Total,"600,00","700,00","510,00"
Parque Verde,10 a 14 anos,"100,00","116,00","90,00"
Parque Verde,15 a 19 anos,"500,00","510,00","400,00"
Parque Verde,15 a 17 anos,"255,00","300,00","250,00"
Parque Verde,18 ou 19 anos,"510,00","510,00","510,00"
Parque Verde,20 a 24 anos,"510,00","510,00","510,00"
Parque Verde,25 a 29 anos,"510,00","600,00","510,00"
Parque Verde,30 a 34 anos,"600,00","700,00","510,00"
Parque Verde,35 a 39 anos,"700,00","800,00","560,00"
Parque Verde,40 a 44 anos,"750,00","800,00","600,00"
Parque Verde,45 a 49 anos,"800,00","1000,00","600,00"
Parque Verde,50 a 54 anos,"800,00","1000,00","600,00"
Parque Verde,55 a 59 anos,"900,00","1020,00","600,00"
Parque Verde,60 a 69 anos,"700,00","900,00","510,00"
Parque Verde,70 anos ou mais,"510,00","650,00","510,00"
Pratinha,Total,"510,00","520,00","510,00"
Pratinha,10 a 14 anos,"106,00","120,00","90,00"
Pratinha,15 a 19 anos,"400,00","480,00","255,00"
Pratinha,15 a 17 anos,"240,00","235,00","250,00"
Pratinha,18 ou 19 anos,"510,00","510,00","256,00"
Pratinha,20 a 24 anos,"510,00","510,00","510,00"
Pratinha,25 a 29 anos,"510,00","510,00","510,00"
Pratinha,30 a 34 anos,"510,00","520,00","510,00"
Pratinha,35 a 39 anos,"520,00","700,00","510,00"
Pratinha,40 a 44 anos,"570,00","700,00","510,00"
Pratinha,45 a 49 anos,"520,00","700,00","510,00"
Pratinha,50 a 54 anos,"600,00","700,00","510,00"
Pratinha,55 a 59 anos,"520,00","675,00","510,00"
Pratinha,60 a 69 anos,"510,00","585,00","510,00"
Pratinha,70 anos ou mais,"510,00","510,00","510,00"
São Clemente,Total,"510,00","510,00","510,00"
São Clemente,10 a 14 anos,"101,00","110,00","100,00"
São Clemente,15 a 19 anos,"510,00","510,00","300,00"
São Clemente,15 a 17 anos,"420,00","510,00","234,00"
São Clemente,18 ou 19 anos,"510,00","510,00","400,00"
São Clemente,20 a 24 anos,"510,00","510,00","510,00"
São Clemente,25 a 29 anos,"510,00","510,00","510,00"
São Clemente,30 a 34 anos,"510,00","600,00","510,00"
São Clemente,35 a 39 anos,"510,00","600,00","510,00"
São Clemente,40 a 44 anos,"520,00","600,00","510,00"
São Clemente,45 a 49 anos,"510,00","600,00","510,00"
São Clemente,50 a 54 anos,"510,00","600,00","510,00"
São Clemente,55 a 59 anos,"510,00","510,00","500,00"
São Clemente,60 a 69 anos,"510,00","510,00","510,00"
São Clemente,70 anos ou mais,"510,00","510,00","510,00"
Tapanã,Total,"510,00","600,00","510,00"
Tapanã,10 a 14 anos,"100,00","100,00","100,00"
Tapanã,15 a 19 anos,"400,00","510,00","256,00"
Tapanã,15 a 17 anos,"250,00","300,00","200,00"
Tapanã,18 ou 19 anos,"510,00","510,00","300,00"
Tapanã,20 a 24 anos,"510,00","510,00","510,00"
Tapanã,25 a 29 anos,"510,00","550,00","510,00"
Tapanã,30 a 34 anos,"510,00","600,00","510,00"
Tapanã,35 a 39 anos,"600,00","700,00","510,00"
Tapanã,40 a 44 anos,"600,00","720,00","510,00"
Tapanã,45 a 49 anos,"600,00","800,00","510,00"
Tapanã,50 a 54 anos,"600,00","800,00","510,00"
Tapanã,55 a 59 anos,"670,00","800,00","510,00"
Tapanã,60 a 69 anos,"510,00","600,00","510,00"
Tapanã,70 anos ou mais,"510,00","510,00","510,00"
Una,Total,"510,00","510,00","510,00"
Una,10 a 14 anos,"150,00","106,00","200,00"
Una,15 a 19 anos,"500,00","510,00","500,00"
Una,15 a 17 anos,"350,00","400,00","300,00"
Una,18 ou 19 anos,"510,00","510,00","510,00"
Una,20 a 24 anos,"510,00","510,00","510,00"
Una,25 a 29 anos,"510,00","510,00","510,00"
Una,30 a 34 anos,"510,00","530,00","510,00"
Una,35 a 39 anos,"510,00","600,00","510,00"
Una,40 a 44 anos,"520,00","600,00","510,00"
Una,45 a 49 anos,"510,00","600,00","510,00"
Una,50 a 54 anos,"550,00","750,00","510,00"
Una,55 a 59 anos,"600,00","765,00","510,00"
Una,60 a 69 anos,"510,00","600,00","510,00"
Una,70 anos ou mais,"510,00","510,00","510,00"
Águas Negras,Total,"510,00","600,00","510,00"
Águas Negras,10 a 14 anos,"90,00","110,00","90,00"
Águas Negras,15 a 19 anos,"250,00","400,00","190,00"
Águas Negras,15 a 17 anos,"147,00","170,00","120,00"
Águas Negras,18 ou 19 anos,"400,00","425,00","270,00"
Águas Negras,20 a 24 anos,"510,00","510,00","510,00"
Águas Negras,25 a 29 anos,"510,00","510,00","510,00"
Águas Negras,30 a 34 anos,"510,00","650,00","510,00"
Águas Negras,35 a 39 anos,"600,00","700,00","510,00"
Águas Negras,40 a 44 anos,"600,00","750,00","510,00"
Águas Negras,45 a 49 anos,"640,00","800,00","510,00"
Águas Negras,50 a 54 anos,"600,00","800,00","510,00"
Águas Negras,55 a 59 anos,"510,00","700,00","510,00"
Águas Negras,60 a 69 anos,"510,00","600,00","510,00"
Águas Negras,70 anos ou mais,"510,00","510,00","510,00"
Agulha,Total,"510,00","600,00","510,00"
Agulha,10 a 14 anos,"107,00","120,00","102,00"
Agulha,15 a 19 anos,"300,00","400,00","300,00"
Agulha,15 a 17 anos,"250,00","250,00","160,00"
Agulha,18 ou 19 anos,"490,00","510,00","320,00"
Agulha,20 a 24 anos,"510,00","510,00","510,00"
Agulha,25 a 29 anos,"510,00","600,00","510,00"
Agulha,30 a 34 anos,"510,00","650,00","510,00"
Agulha,35 a 39 anos,"600,00","700,00","510,00"
Agulha,40 a 44 anos,"600,00","710,00","510,00"
Agulha,45 a 49 anos,"650,00","900,00","510,00"
Agulha,50 a 54 anos,"600,00","800,00","510,00"
Agulha,55 a 59 anos,"600,00","800,00","510,00"
Agulha,60 a 69 anos,"510,00","630,00","510,00"
Agulha,70 anos ou mais,"510,00","510,00","510,00"
Campina de Icoaraci,Total,"510,00","652,50","510,00"
Campina de Icoaraci,10 a 14 anos,"100,00","100,00","100,00"
Campina de Icoaraci,15 a 19 anos,"300,00","510,00","235,00"
Campina de Icoaraci,15 a 17 anos,"212,00","240,00","200,00"
Campina de Icoaraci,18 ou 19 anos,"510,00","510,00","300,00"
Campina de Icoaraci,20 a 24 anos,"510,00","510,00","510,00"
Campina de Icoaraci,25 a 29 anos,"510,00","600,00","510,00"
Campina de Icoaraci,30 a 34 anos,"570,00","650,00","510,00"
Campina de Icoaraci,35 a 39 anos,"600,00","730,00","510,00"
Campina de Icoaraci,40 a 44 anos,"600,00","800,00","510,00"
Campina de Icoaraci,45 a 49 anos,"670,00","800,00","510,00"
Campina de Icoaraci,50 a 54 anos,"700,00","800,00","510,00"
Campina de Icoaraci,55 a 59 anos,"740,00","1000,00","510,00"
Campina de Icoaraci,60 a 69 anos,"515,00","850,00","510,00"
Campina de Icoaraci,70 anos ou mais,"510,00","510,00","510,00"
Cruzeiro,Total,"510,00","660,00","510,00"
Cruzeiro,10 a 14 anos,"120,00","200,00","100,00"
Cruzeiro,15 a 19 anos,"335,00","400,00","252,50"
Cruzeiro,15 a 17 anos,"252,50","255,00","238,00"
Cruzeiro,18 ou 19 anos,"400,00","510,00","255,00"
Cruzeiro,20 a 24 anos,"510,00","510,00","510,00"
Cruzeiro,25 a 29 anos,"510,00","570,00","510,00"
Cruzeiro,30 a 34 anos,"600,00","746,50","510,00"
Cruzeiro,35 a 39 anos,"600,00","700,00","510,00"
Cruzeiro,40 a 44 anos,"700,00","800,00","510,00"
Cruzeiro,45 a 49 anos,"600,00","800,00","510,00"
Cruzeiro,50 a 54 anos,"720,00","900,00","510,00"
Cruzeiro,55 a 59 anos,"765,00","800,00","600,00"
Cruzeiro,60 a 69 anos,"510,00","800,00","510,00"
Cruzeiro,70 anos ou mais,"510,00","510,00","510,00"
Maracacuera,Total,"510,00","515,00","510,00"
Maracacuera,10 a 14 anos,"100,00","112,00","90,00"
Maracacuera,15 a 19 anos,"310,00","400,00","185,00"
Maracacuera,15 a 17 anos,"200,00","250,00","100,50"
Maracacuera,18 ou 19 anos,"510,00","510,00","200,00"
Maracacuera,20 a 24 anos,"510,00","510,00","510,00"
Maracacuera,25 a 29 anos,"510,00","522,00","510,00"
Maracacuera,30 a 34 anos,"510,00","550,00","510,00"
Maracacuera,35 a 39 anos,"510,00","610,00","500,00"
Maracacuera,40 a 44 anos,"510,00","700,00","510,00"
Maracacuera,45 a 49 anos,"510,00","730,00","510,00"
Maracacuera,50 a 54 anos,"510,00","700,00","510,00"
Maracacuera,55 a 59 anos,"510,00","600,00","510,00"
Maracacuera,60 a 69 anos,"510,00","510,00","510,00"
Maracacuera,70 anos ou mais,"510,00","510,00","510,00"
Paracuri,Total,"510,00","510,00","510,00"
Paracuri,10 a 14 anos,"60,00","112,00","51,00"
Paracuri,15 a 19 anos,"300,00","465,00","200,00"
Paracuri,15 a 17 anos,"160,00","260,00","110,00"
Paracuri,18 ou 19 anos,"510,00","510,00","470,00"
Paracuri,20 a 24 anos,"510,00","510,00","510,00"
Paracuri,25 a 29 anos,"510,00","510,00","400,00"
Paracuri,30 a 34 anos,"510,00","510,00","510,00"
Paracuri,35 a 39 anos,"510,00","600,00","510,00"
Paracuri,40 a 44 anos,"510,00","670,00","510,00"
Paracuri,45 a 49 anos,"510,00","652,50","510,00"
Paracuri,50 a 54 anos,"510,00","600,00","510,00"
Paracuri,55 a 59 anos,"510,00","510,00","510,00"
Paracuri,60 a 69 anos,"510,00","510,00","510,00"
Paracuri,70 anos ou mais,"510,00","510,00","510,00"
Parque Guajará,Total,"510,00","510,00","510,00"
Parque Guajará,10 a 14 anos,"66,00","80,00","65,00"
Parque Guajará,15 a 19 anos,"300,00","400,00","200,00"
Parque Guajará,15 a 17 anos,"200,00","240,00","200,00"
Parque Guajará,18 ou 19 anos,"450,00","510,00","250,00"
Parque Guajará,20 a 24 anos,"510,00","510,00","510,00"
Parque Guajará,25 a 29 anos,"510,00","510,00","510,00"
Parque Guajará,30 a 34 anos,"510,00","560,00","510,00"
Parque Guajará,35 a 39 anos,"510,00","650,00","510,00"
Parque Guajará,40 a 44 anos,"510,00","630,00","510,00"
Parque Guajará,45 a 49 anos,"510,00","700,00","510,00"
Parque Guajará,50 a 54 anos,"570,00","700,00","510,00"
Parque Guajará,55 a 59 anos,"510,00","737,50","510,00"
Parque Guajará,60 a 69 anos,"510,00","510,00","510,00"
Parque Guajará,70 anos ou mais,"510,00","510,00","510,00"
Ponta Grossa,Total,"600,00","800,00","510,00"
Ponta Grossa,10 a 14 anos,"105,00","106,00","105,00"
Ponta Grossa,15 a 19 anos,"342,50","400,00","300,00"
Ponta Grossa,15 a 17 anos,"247,50","268,00","200,00"
Ponta Grossa,18 ou 19 anos,"510,00","510,00","400,00"
Ponta Grossa,20 a 24 anos,"510,00","510,00","510,00"
Ponta Grossa,25 a 29 anos,"600,00","700,00","510,00"
Ponta Grossa,30 a 34 anos,"600,00","800,00","510,00"
Ponta Grossa,35 a 39 anos,"750,00","900,00","598,00"
Ponta Grossa,40 a 44 anos,"780,00","800,00","600,00"
Ponta Grossa,45 a 49 anos,"800,00","1000,00","561,00"
Ponta Grossa,50 a 54 anos,"800,00","1000,00","600,00"
Ponta Grossa,55 a 59 anos,"800,00","1000,00","510,00"
Ponta Grossa,60 a 69 anos,"700,00","1000,00","510,00"
Ponta Grossa,70 anos ou mais,"510,00","741,00","510,00"
Tenoné,Total,"510,00","600,00","510,00"
Tenoné,10 a 14 anos,"61,00","62,00","60,50"
Tenoné,15 a 19 anos,"300,00","300,00","250,00"
Tenoné,15 a 17 anos,"200,00","250,00","120,00"
Tenoné,18 ou 19 anos,"500,00","510,00","480,00"
Tenoné,20 a 24 anos,"510,00","510,00","510,00"
Tenoné,25 a 29 anos,"510,00","600,00","510,00"
Tenoné,30 a 34 anos,"510,00","600,00","510,00"
Tenoné,35 a 39 anos,"600,00","750,00","510,00"
Tenoné,40 a 44 anos,"620,00","800,00","510,00"
Tenoné,45 a 49 anos,"700,00","800,00","510,00"
Tenoné,50 a 54 anos,"700,00","800,00","510,00"
Tenoné,55 a 59 anos,"705,00","870,00","510,00"
Tenoné,60 a 69 anos,"510,00","700,00","510,00"
Tenoné,70 anos ou mais,"510,00","510,00","510,00"
São João do Outeiro,Total,"510,00","560,00","510,00"
São João do Outeiro,10 a 14 anos,"92,00","112,00","90,00"
São João do Outeiro,15 a 19 anos,"300,00","400,00","200,00"
São João do Outeiro,15 a 17 anos,"175,00","200,00","112,00"
São João do Outeiro,18 ou 19 anos,"440,00","510,00","300,00"
São João do Outeiro,20 a 24 anos,"510,00","510,00","505,00"
São João do Outeiro,25 a 29 anos,"510,00","510,00","500,00"
São João do Outeiro,30 a 34 anos,"510,00","510,00","510,00"
São João do Outeiro,35 a 39 anos,"510,00","650,00","510,00"
São João do Outeiro,40 a 44 anos,"600,00","730,00","510,00"
São João do Outeiro,45 a 49 anos,"555,00","700,00","510,00"
São João do Outeiro,50 a 54 anos,"600,00","800,00","510,00"
São João do Outeiro,55 a 59 anos,"510,00","700,00","510,00"
São João do Outeiro,60 a 69 anos,"510,00","740,00","510,00"
São João do Outeiro,70 anos ou mais,"510,00","510,00","510,00"
Itaiteua,Total,"510,00","510,00","510,00"
Itaiteua,10 a 14 anos,"50,00","55,00","48,50"
Itaiteua,15 a 19 anos,"200,00","350,00","66,00"
Itaiteua,15 a 17 anos,"50,00","40,00","66,00"
Itaiteua,18 ou 19 anos,"400,00","510,00","80,00"
Itaiteua,20 a 24 anos,"510,00","510,00","325,00"
Itaiteua,25 a 29 anos,"510,00","510,00","355,00"
Itaiteua,30 a 34 anos,"510,00","550,00","510,00"
Itaiteua,35 a 39 anos,"510,00","600,00","510,00"
Itaiteua,40 a 44 anos,"630,00","767,50","510,00"
Itaiteua,45 a 49 anos,"556,00","740,00","510,00"
Itaiteua,50 a 54 anos,"700,00","800,00","510,00"
Itaiteua,55 a 59 anos,"510,00","937,50","510,00"
Itaiteua,60 a 69 anos,"510,00","770,00","510,00"
Itaiteua,70 anos ou mais,"510,00","510,00","510,00"
Brasília,Total,"510,00","510,00","510,00"
Brasília,10 a 14 anos,"200,00","300,00","98,00"
Brasília,15 a 19 anos,"400,00","510,00","245,00"
Brasília,15 a 17 anos,"255,00","400,00","125,00"
Brasília,18 ou 19 anos,"500,00","510,00","350,00"
Brasília,20 a 24 anos,"510,00","510,00","510,00"
Brasília,25 a 29 anos,"510,00","510,00","510,00"
Brasília,30 a 34 anos,"510,00","510,00","510,00"
Brasília,35 a 39 anos,"510,00","510,00","510,00"
Brasília,40 a 44 anos,"510,00","510,00","510,00"
Brasília,45 a 49 anos,"510,00","600,00","510,00"
Brasília,50 a 54 anos,"510,00","510,00","510,00"
Brasília,55 a 59 anos,"510,00","600,00","510,00"
Brasília,60 a 69 anos,"510,00","510,00","510,00"
Brasília,70 anos ou mais,"510,00","510,00","510,00"
Água Boa,Total,"510,00","512,50","510,00"
Água Boa,10 a 14 anos,"90,00","90,00","90,00"
Água Boa,15 a 19 anos,"240,00","350,00","150,00"
Água Boa,15 a 17 anos,"200,00","240,00","150,00"
Água Boa,18 ou 19 anos,"300,00","480,00","170,00"
Água Boa,20 a 24 anos,"510,00","510,00","300,00"
Água Boa,25 a 29 anos,"510,00","510,00","400,00"
Água Boa,30 a 34 anos,"510,00","510,00","510,00"
Água Boa,35 a 39 anos,"510,00","600,00","510,00"
Água Boa,40 a 44 anos,"510,00","650,00","510,00"
Água Boa,45 a 49 anos,"581,00","750,00","510,00"
Água Boa,50 a 54 anos,"570,00","800,00","510,00"
Água Boa,55 a 59 anos,"510,00","700,00","510,00"
Água Boa,60 a 69 anos,"510,00","510,00","510,00"
Água Boa,70 anos ou mais,"510,00","510,00","510,00"
Aeroporto,Total,"510,00","510,00","510,00"
Aeroporto,10 a 14 anos,"105,00","120,00","20,00"
Aeroporto,15 a 19 anos,"250,00","235,00","265,00"
Aeroporto,15 a 17 anos,"200,00","185,00","200,00"
Aeroporto,18 ou 19 anos,"400,00","398,50","400,00"
Aeroporto,20 a 24 anos,"510,00","510,00","300,00"
Aeroporto,25 a 29 anos,"510,00","510,00","500,00"
Aeroporto,30 a 34 anos,"510,00","505,00","510,00"
Aeroporto,35 a 39 anos,"510,00","510,00","510,00"
Aeroporto,40 a 44 anos,"600,00","600,00","600,00"
Aeroporto,45 a 49 anos,"600,00","800,00","510,00"
Aeroporto,50 a 54 anos,"510,00","510,00","455,00"
Aeroporto,55 a 59 anos,"750,00","1300,00","600,00"
Aeroporto,60 a 69 anos,"510,00","510,00","510,00"
Aeroporto,70 anos ou mais,"510,00","510,00","510,00"
Arirambá,Total,"510,00","510,00","510,00"
Arirambá,10 a 14 anos,"100,00","106,00","100,00"
Arirambá,15 a 19 anos,"200,00","300,00","160,00"
Arirambá,15 a 17 anos,"200,00","250,00","110,00"
Arirambá,18 ou 19 anos,"300,00","510,00","250,00"
Arirambá,20 a 24 anos,"510,00","510,00","300,00"
Arirambá,25 a 29 anos,"510,00","510,00","510,00"
Arirambá,30 a 34 anos,"510,00","510,00","510,00"
Arirambá,35 a 39 anos,"510,00","510,00","510,00"
Arirambá,40 a 44 anos,"510,00","510,00","510,00"
Arirambá,45 a 49 anos,"555,00","555,00","555,00"
Arirambá,50 a 54 anos,"510,00","510,00","510,00"
Arirambá,55 a 59 anos,"510,00","510,00","510,00"
Arirambá,60 a 69 anos,"510,00","510,00","510,00"
Arirambá,70 anos ou mais,"510,00","510,00","510,00"
Carananduba,Total,"510,00","510,00","500,00"
Carananduba,10 a 14 anos,"90,00","95,00","90,00"
Carananduba,15 a 19 anos,"230,00","300,00","127,00"
Carananduba,15 a 17 anos,"200,00","250,00","167,00"
Carananduba,18 ou 19 anos,"295,00","400,00","100,00"
Carananduba,20 a 24 anos,"480,00","500,00","300,00"
Carananduba,25 a 29 anos,"500,00","510,00","400,00"
Carananduba,30 a 34 anos,"500,00","510,00","350,00"
Carananduba,35 a 39 anos,"510,00","600,00","500,00"
Carananduba,40 a 44 anos,"510,00","510,00","510,00"
Carananduba,45 a 49 anos,"510,00","600,00","510,00"
Carananduba,50 a 54 anos,"510,00","600,00","510,00"
Carananduba,55 a 59 anos,"510,00","510,00","510,00"
Carananduba,60 a 69 anos,"510,00","510,00","510,00"
Carananduba,70 anos ou mais,"510,00","510,00","510,00"
Caruara,Total,"510,00","510,00","400,00"
Caruara,10 a 14 anos,"116,00","123,00","105,00"
Caruara,15 a 19 anos,"250,00","300,00","135,00"
Caruara,15 a 17 anos,"200,00","250,00","120,00"
Caruara,18 ou 19 anos,"500,00","505,00","250,00"
Caruara,20 a 24 anos,"510,00","510,00","325,00"
Caruara,25 a 29 anos,"500,00","510,00","350,00"
Caruara,30 a 34 anos,"510,00","510,00","367,00"
Caruara,35 a 39 anos,"510,00","510,00","400,00"
Caruara,40 a 44 anos,"510,00","510,00","331,00"
Caruara,45 a 49 anos,"510,00","510,00","510,00"
Caruara,50 a 54 anos,"510,00","510,00","510,00"
Caruara,55 a 59 anos,"510,00","510,00","250,00"
Caruara,60 a 69 anos,"510,00","510,00","510,00"
Caruara,70 anos ou mais,"510,00","710,00","510,00"
Farol,Total,"510,00","510,00","510,00"
Farol,10 a 14 anos,"510,00","510,00","300,00"
Farol,15 a 19 anos,"510,00","510,00","510,00"
Farol,15 a 17 anos,"510,00","510,00","510,00"
Farol,18 ou 19 anos,"510,00","510,00","330,00"
Farol,20 a 24 anos,"510,00","510,00","400,00"
Farol,25 a 29 anos,"510,00","510,00","510,00"
Farol,30 a 34 anos,"510,00","510,00","510,00"
Farol,35 a 39 anos,"510,00","800,00","510,00"
Farol,40 a 44 anos,"600,00","600,00","510,00"
Farol,45 a 49 anos,"600,00","900,00","510,00"
Farol,50 a 54 anos,"510,00","505,00","570,00"
Farol,55 a 59 anos,"510,00","510,00","510,00"
Farol,60 a 69 anos,"555,00","1000,00","510,00"
Farol,70 anos ou mais,"510,00","510,00","510,00"
Mangueiras,Total,"510,00","510,00","510,00"
Mangueiras,10 a 14 anos,"112,00","106,00","112,00"
Mangueiras,15 a 19 anos,"300,00","400,00","180,00"
Mangueiras,15 a 17 anos,"300,00","300,00","150,00"
Mangueiras,18 ou 19 anos,"425,00","510,00","200,00"
Mangueiras,20 a 24 anos,"327,00","500,00","235,00"
Mangueiras,25 a 29 anos,"500,00","510,00","300,00"
Mangueiras,30 a 34 anos,"510,00","510,00","510,00"
Mangueiras,35 a 39 anos,"510,00","700,00","510,00"
Mangueiras,40 a 44 anos,"510,00","700,00","510,00"
Mangueiras,45 a 49 anos,"520,00","800,00","510,00"
Mangueiras,50 a 54 anos,"510,00","600,00","510,00"
Mangueiras,55 a 59 anos,"666,00","750,00","580,00"
Mangueiras,60 a 69 anos,"510,00","510,00","510,00"
Mangueiras,70 anos ou mais,"510,00","510,00","510,00"
Maracajá,Total,"510,00","510,50","510,00"
Maracajá,10 a 14 anos,"225,00","350,00","150,00"
Maracajá,15 a 19 anos,"300,00","275,00","300,00"
Maracajá,15 a 17 anos,"300,00","200,00","350,00"
Maracajá,18 ou 19 anos,"300,00","400,00","300,00"
Maracajá,20 a 24 anos,"510,00","510,00","300,00"
Maracajá,25 a 29 anos,"510,00","510,00","447,50"
Maracajá,30 a 34 anos,"510,00","600,00","510,00"
Maracajá,35 a 39 anos,"510,00","650,00","510,00"
Maracajá,40 a 44 anos,"510,00","700,00","510,00"
Maracajá,45 a 49 anos,"600,00","800,00","510,00"
Maracajá,50 a 54 anos,"510,00","600,00","510,00"
Maracajá,55 a 59 anos,"555,00","610,00","510,00"
Maracajá,60 a 69 anos,"510,00","510,00","510,00"
Maracajá,70 anos ou mais,"510,00","510,00","510,00"
Natal do Murubira,Total,"510,00","510,00","510,00"
Natal do Murubira,10 a 14 anos,"90,00","72,50","100,00"
Natal do Murubira,15 a 19 anos,"300,00","245,00","510,00"
Natal do Murubira,15 a 17 anos,"300,00","50,00","405,00"
Natal do Murubira,18 ou 19 anos,"275,00","250,00","650,00"
Natal do Murubira,20 a 24 anos,"510,00","510,00","270,00"
Natal do Murubira,25 a 29 anos,"400,00","400,00","340,00"
Natal do Murubira,30 a 34 anos,"510,00","510,00","510,00"
Natal do Murubira,35 a 39 anos,"510,00","600,00","510,00"
Natal do Murubira,40 a 44 anos,"555,00","750,00","505,00"
Natal do Murubira,45 a 49 anos,"510,00","510,00","405,00"
Natal do Murubira,50 a 54 anos,"600,00","505,00","700,00"
Natal do Murubira,55 a 59 anos,"510,00","510,00","510,00"
Natal do Murubira,60 a 69 anos,"510,00","555,00","510,00"
Natal do Murubira,70 anos ou mais,"510,00","555,00","510,00"
Porto Arthur,Total,"510,00","510,00","510,00"
Porto Arthur,10 a 14 anos,"60,00","60,00",-
Porto Arthur,15 a 19 anos,"510,00","510,00",-
Porto Arthur,15 a 17 anos,"350,00","350,00",-
Porto Arthur,18 ou 19 anos,"510,00","510,00",-
Porto Arthur,20 a 24 anos,"495,00","510,00","200,00"
Porto Arthur,25 a 29 anos,"510,00","510,00","510,00"
Porto Arthur,30 a 34 anos,"510,00","510,00","510,00"
Porto Arthur,35 a 39 anos,"510,00","510,00","510,00"
Porto Arthur,40 a 44 anos,"510,00","510,00","510,00"
Porto Arthur,45 a 49 anos,"555,00","600,00","510,00"
Porto Arthur,50 a 54 anos,"510,00","510,00","350,00"
Porto Arthur,55 a 59 anos,"1015,00","1020,00","1010,00"
Porto Arthur,60 a 69 anos,"510,00","1020,00","510,00"
Porto Arthur,70 anos ou mais,"510,00","1000,00","510,00"
São Francisco,Total,"510,00","510,00","510,00"
São Francisco,10 a 14 anos,"101,00","101,00","112,00"
São Francisco,15 a 19 anos,"255,00","300,00","225,00"
São Francisco,15 a 17 anos,"200,00","100,00","227,50"
São Francisco,18 ou 19 anos,"300,00","350,00","225,00"
São Francisco,20 a 24 anos,"510,00","510,00","505,00"
São Francisco,25 a 29 anos,"510,00","510,00","330,00"
São Francisco,30 a 34 anos,"510,00","510,00","505,00"
São Francisco,35 a 39 anos,"510,00","510,00","510,00"
São Francisco,40 a 44 anos,"520,00","515,00","600,00"
São Francisco,45 a 49 anos,"575,00","720,00","510,00"
São Francisco,50 a 54 anos,"510,00","510,00","510,00"
São Francisco,55 a 59 anos,"600,00","760,00","510,00"
São Francisco,60 a 69 anos,"510,00","600,00","510,00"
São Francisco,70 anos ou mais,"510,00","510,00","510,00"
Sucurijuquara,Total,"510,00","510,00","510,00"
Sucurijuquara,10 a 14 anos,"101,00","101,00",-
Sucurijuquara,15 a 19 anos,"300,00","300,00","300,00"
Sucurijuquara,15 a 17 anos,"340,00","340,00",-
Sucurijuquara,18 ou 19 anos,"300,00","300,00","300,00"
Sucurijuquara,20 a 24 anos,"510,00","510,00","300,00"
Sucurijuquara,25 a 29 anos,"510,00","510,00","250,00"
Sucurijuquara,30 a 34 anos,"510,00","510,00","510,00"
Sucurijuquara,35 a 39 anos,"510,00","510,00","350,00"
Sucurijuquara,40 a 44 anos,"510,00","675,00","510,00"
Sucurijuquara,45 a 49 anos,"510,00","510,00","510,00"
Sucurijuquara,50 a 54 anos,"510,00","600,00","510,00"
Sucurijuquara,55 a 59 anos,"510,00","510,00","510,00"
Sucurijuquara,60 a 69 anos,"510,00","600,00","510,00"
Sucurijuquara,70 anos ou mais,"510,00","510,00","510,00"
Vila,Total,"510,00","590,00","510,00"
Vila,10 a 14 anos,"100,00","90,00","430,00"
Vila,15 a 19 anos,"400,00","505,00","106,50"
Vila,15 a 17 anos,"101,00","400,00","100,50"
Vila,18 ou 19 anos,"500,00","510,00","185,00"
Vila,20 a 24 anos,"510,00","510,00","300,00"
Vila,25 a 29 anos,"510,00","600,00","510,00"
Vila,30 a 34 anos,"600,00","600,00","510,00"
Vila,35 a 39 anos,"510,00","600,00","510,00"
Vila,40 a 44 anos,"510,00","512,50","510,00"
Vila,45 a 49 anos,"700,00","600,00","750,00"
Vila,50 a 54 anos,"750,00","800,00","510,00"
Vila,55 a 59 anos,"556,00","725,00","510,00"
Vila,60 a 69 anos,"605,00","905,00","510,00"
Vila,70 anos ou mais,"510,00","510,00","510,00"
Praia Grande,Total,"510,00","600,00","510,00"
Praia Grande,10 a 14 anos,"300,00",-,"300,00"
Praia Grande,15 a 19 anos,"200,00","200,00","175,00"
Praia Grande,15 a 17 anos,"160,00","180,00","150,00"
Praia Grande,18 ou 19 anos,"228,00","256,00","200,00"
Praia Grande,20 a 24 anos,"510,00","510,00","382,50"
Praia Grande,25 a 29 anos,"510,00","600,00","510,00"
Praia Grande,30 a 34 anos,"510,00","510,00","505,00"
Praia Grande,35 a 39 anos,"600,00","890,00","510,00"
Praia Grande,40 a 44 anos,"700,00","800,00","510,00"
Praia Grande,45 a 49 anos,"875,00","1200,00","510,00"
Praia Grande,50 a 54 anos,"510,00","600,00","510,00"
Praia Grande,55 a 59 anos,"510,00","510,00","510,00"
Praia Grande,60 a 69 anos,"510,00","700,00","510,00"
Praia Grande,70 anos ou mais,"510,00","750,00","510,00"
Chapéu Virado,Total,"510,00","575,00","510,00"
Chapéu Virado,10 a 14 anos,"150,00",-,"150,00"
Chapéu Virado,15 a 19 anos,"400,00","450,00","250,00"
Chapéu Virado,15 a 17 anos,"350,00","310,00","350,00"
Chapéu Virado,18 ou 19 anos,"400,00","455,00","161,00"
Chapéu Virado,20 a 24 anos,"510,00","510,00","300,00"
Chapéu Virado,25 a 29 anos,"510,00","510,00","510,00"
Chapéu Virado,30 a 34 anos,"510,00","580,00","510,00"
Chapéu Virado,35 a 39 anos,"510,00","510,00","510,00"
Chapéu Virado,40 a 44 anos,"600,00","800,00","510,00"
Chapéu Virado,45 a 49 anos,"600,00","730,00","510,00"
Chapéu Virado,50 a 54 anos,"510,00","510,00","510,00"
Chapéu Virado,55 a 59 anos,"510,00","805,00","510,00"
Chapéu Virado,60 a 69 anos,"1020,00","1200,00","510,00"
Chapéu Virado,70 anos ou mais,"510,00","1200,00","510,00"
Murubira,Total,"510,00","510,00","480,00"
Murubira,10 a 14 anos,"90,00","75,00","90,00"
Murubira,15 a 19 anos,"120,00","150,00","110,00"
Murubira,15 a 17 anos,"85,00","90,00","65,00"
Murubira,18 ou 19 anos,"400,00","480,00","325,00"
Murubira,20 a 24 anos,"510,00","510,00","325,00"
Murubira,25 a 29 anos,"510,00","510,00","469,00"
Murubira,30 a 34 anos,"510,00","590,00","300,00"
Murubira,35 a 39 anos,"510,00","625,00","505,00"
Murubira,40 a 44 anos,"510,00","560,00","510,00"
Murubira,45 a 49 anos,"510,00","510,00","455,00"
Murubira,50 a 54 anos,"510,00","625,00","510,00"
Murubira,55 a 59 anos,"510,00","680,00","312,00"
Murubira,60 a 69 anos,"660,00","700,00","510,00"
Murubira,70 anos ou mais,"510,00","510,00","510,00"
Bonfim,Total,"480,00","480,00","500,00"
Bonfim,10 a 14 anos,"165,00","200,00","130,00"
Bonfim,15 a 19 anos,"330,00","405,00","300,00"
Bonfim,15 a 17 anos,"270,00","160,00","300,00"
Bonfim,18 ou 19 anos,"505,00","450,00","560,00"
Bonfim,20 a 24 anos,"400,00","400,00","465,00"
Bonfim,25 a 29 anos,"480,00","350,00","505,00"
Bonfim,30 a 34 anos,"375,00","425,00","220,00"
Bonfim,35 a 39 anos,"600,00","600,00","600,00"
Bonfim,40 a 44 anos,"400,00","400,00","350,00"
Bonfim,45 a 49 anos,"600,00","600,00","508,00"
Bonfim,50 a 54 anos,"300,00","250,00","550,00"
Bonfim,55 a 59 anos,"550,00","650,00","450,00"
Bonfim,60 a 69 anos,"600,00","700,00","84,00"
Bonfim,70 anos ou mais,"500,00","500,00",-
Marahú,Total,"740,50","800,00","600,00"
Marahú,10 a 14 anos,-,-,-
Marahú,15 a 19 anos,-,-,-
Marahú,15 a 17 anos,-,-,-
Marahú,18 ou 19 anos,-,-,-
Marahú,20 a 24 anos,"751,00","751,00",-
Marahú,25 a 29 anos,"2150,00","3600,00","700,00"
Marahú,30 a 34 anos,"750,00","800,00","510,00"
Marahú,35 a 39 anos,"850,00","900,00","510,00"
Marahú,40 a 44 anos,"700,00","700,00","750,00"
Marahú,45 a 49 anos,"750,00","845,00","605,00"
Marahú,50 a 54 anos,"652,00","652,00","1005,00"
Marahú,55 a 59 anos,"975,00","1237,50","450,00"
Marahú,60 a 69 anos,-,-,-
Marahú,70 anos ou mais,-,-,-
Paraíso,Total,"500,00","515,00","500,00"
Paraíso,10 a 14 anos,"76,00","112,50","61,00"
Paraíso,15 a 19 anos,"425,00","575,00","275,00"
Paraíso,15 a 17 anos,-,-,-
Paraíso,18 ou 19 anos,"425,00","575,00","275,00"
Paraíso,20 a 24 anos,"425,00","500,00","225,00"
Paraíso,25 a 29 anos,"580,00","600,00","550,00"
Paraíso,30 a 34 anos,"500,00","500,00","450,00"
Paraíso,35 a 39 anos,"500,00","700,00","295,00"
Paraíso,40 a 44 anos,"560,00","800,00","500,00"
Paraíso,45 a 49 anos,"500,00","950,00","300,00"
Paraíso,50 a 54 anos,"600,00","650,00","600,00"
Paraíso,55 a 59 anos,"400,00","500,00","300,00"
Paraíso,60 a 69 anos,"800,00","1200,00","650,00"
Paraíso,70 anos ou mais,"500,00","500,00","500,00"
Baía do Sol,Total,"510,00","510,00","510,00"
Baía do Sol,10 a 14 anos,"112,00","156,00","100,00"
Baía do Sol,15 a 19 anos,"120,00","200,00","90,00"
Baía do Sol,15 a 17 anos,"120,00","120,00","90,00"
Baía do Sol,18 ou 19 anos,"200,00","200,00","245,00"
Baía do Sol,20 a 24 anos,"510,00","510,00","400,00"
Baía do Sol,25 a 29 anos,"400,00","510,00","300,00"
Baía do Sol,30 a 34 anos,"510,00","510,00","340,00"
Baía do Sol,35 a 39 anos,"510,00","510,00","510,00"
Baía do Sol,40 a 44 anos,"510,00","510,00","400,00"
Baía do Sol,45 a 49 anos,"510,00","510,00","500,00"
Baía do Sol,50 a 54 anos,"510,00","510,00","510,00"
Baía do Sol,55 a 59 anos,"510,00","510,00","510,00"
Baía do Sol,60 a 69 anos,"510,00","510,00","510,00"
Baía do Sol,70 anos ou mais,"510,00","510,00","510,00"
